<?xml version="1.0" encoding="UTF-8" ?>
<!DOCTYPE configuration
        PUBLIC "-//mybatis.org//DTD Config 3.0//EN"
        "http://mybatis.org/dtd/mybatis-3-config.dtd">

<configuration>
    <!-- 引入 database.properties 文件-->
    <properties resource="database.properties"/>
    <!-- 配置mybatis的log实现为LOG4J -->
    <settings>
        <setting name="logImpl" value="LOG4J" />
    </settings>

    <environments default="development">
        <environment id="development">
            <!--配置事务管理，采用JDBC的事务管理  -->
            <transactionManager type="JDBC"></transactionManager>
            <!-- POOLED:mybatis自带的数据源，JNDI:基于tomcat的数据源 -->
            <dataSource type="POOLED">
                <property name="driver" value="${driver}"/>
                <property name="url" value="${url}"/>
                <property name="username" value="${user}"/>
                <property name="password" value="${password}"/>
            </dataSource>
        </environment>

    </environments>

    <mappers>
        <mapper resource="cn/smbms/dao/user/UserDao.xml" />
    </mappers>


</configuration>
